leaf_id,revision,iterations,candidate_run1_us,candidate_run2_us,main_run1_us,main_run2_us,upstream_run1_us,upstream_run2_us,upstream_run1_outcome,upstream_run2_outcome,main_vs_upstream_status,main_vs_upstream_run1_speedup_pct,main_vs_upstream_run2_speedup_pct,main_vs_upstream_two_run_speedup_pct,candidate_vs_main_status,candidate_vs_main_run1_speedup_pct,candidate_vs_main_run2_speedup_pct,candidate_vs_main_two_run_speedup_pct,performance_valid,performance_invalid_reason
busy_pfifo.pfifo_saturation,1,10,99033,100750,105122,100687,67774,65593,PASS,PASS,comparable,,,,comparable,,,,false,fork_advanced_settings_unmatched;live_markers_missing
busy_pfifo.pgraph_pattern_polling,1,1,4512834,4733409,4427825,4582678,8261209,8395558,PASS,PASS,comparable,,,,comparable,,,,false,fork_advanced_settings_unmatched;live_markers_missing
cpu_floating_point.sse_scalar,1,10,502606,506610,518075,521383,512472,510971,PASS,PASS,comparable,,,,comparable,,,,false,fork_advanced_settings_unmatched;live_markers_missing
cpu_floating_point.x87_scalar,1,10,777354,783949,780180,787358,755892,758102,PASS,PASS,comparable,,,,comparable,,,,false,fork_advanced_settings_unmatched;live_markers_missing
cpu_translation_blocks.direct_loop,1,10,9771,10052,9787,9851,10076,10093,PASS,PASS,comparable,,,,comparable,,,,false,fork_advanced_settings_unmatched;live_markers_missing
cpu_translation_blocks.indirect_dispatch,1,10,39304,39696,39352,39362,25162,24877,PASS,PASS,comparable,,,,comparable,,,,false,fork_advanced_settings_unmatched;live_markers_missing
cpu_translation_blocks.indirect_dispatch_stress,1,10,788481,788724,786101,787302,497811,494841,PASS,PASS,comparable,,,,comparable,,,,false,fork_advanced_settings_unmatched;live_markers_missing
fill_rate.solid,1,10,1820,1351,2324,1400,1674,1601,PASS,PASS,comparable,,,,comparable,,,,false,fork_advanced_settings_unmatched;live_markers_missing
fill_rate.textured,1,10,1695,1266,2365,1276,1986,1858,PASS,PASS,comparable,,,,comparable,,,,false,fork_advanced_settings_unmatched;live_markers_missing
game_load.cross_title_hotpath.blend_constant_reuse,1,8,116757,116691,116136,116406,102941,100940,PASS,PASS,comparable,,,,comparable,,,,false,fork_advanced_settings_unmatched;live_markers_missing
game_load.cross_title_hotpath.gpu_wait_control,1,8,1273,1259,1294,1253,2111,1896,PASS,PASS,comparable,,,,comparable,,,,false,fork_advanced_settings_unmatched;live_markers_missing
game_load.cross_title_hotpath.pgr2_lagspot_inline_elements,1,8,108261,104086,105336,104051,132705,133087,PASS,PASS,comparable,,,,comparable,,,,false,fork_advanced_settings_unmatched;live_markers_missing
game_load.cross_title_hotpath.pgr2_small_draws,1,8,115630,116623,115080,114861,107781,107623,PASS,PASS,comparable,,,,comparable,,,,false,fork_advanced_settings_unmatched;live_markers_missing
game_load.cross_title_hotpath.pipeline_state_churn,1,8,67215,67086,67027,66948,50964,51597,PASS,PASS,comparable,,,,comparable,,,,false,fork_advanced_settings_unmatched;live_markers_missing
game_load.cross_title_hotpath.queued_vertex_cpu_writes,1,8,67089,64891,66782,64883,62397,53893,PASS,PASS,comparable,,,,comparable,,,,false,fork_advanced_settings_unmatched;live_markers_missing
game_load.cross_title_hotpath.s3tc_streaming_fenced_draws,1,8,1138040,1141690,1148507,1157278,7058658,6643692,PASS,PASS,comparable,,,,comparable,,,,false,fork_advanced_settings_unmatched;live_markers_missing
game_load.cross_title_hotpath.scaled_surface_pressure,1,8,346697,344689,348297,343837,352345,398352,PASS,PASS,comparable,,,,comparable,,,,false,fork_advanced_settings_unmatched;live_markers_missing
game_load.cross_title_hotpath.surface_reuse,1,8,5976,5962,6481,5918,5711,5569,PASS,PASS,comparable,,,,comparable,,,,false,fork_advanced_settings_unmatched;live_markers_missing
game_load.cross_title_hotpath.texture_binding_reuse,1,8,154786,154739,154190,154506,183075,183635,PASS,PASS,comparable,,,,comparable,,,,false,fork_advanced_settings_unmatched;live_markers_missing
game_load.cross_title_hotpath.texture_update_reuse,1,8,2774,2803,2920,2778,3517,3521,PASS,PASS,comparable,,,,comparable,,,,false,fork_advanced_settings_unmatched;live_markers_missing
game_load.doax_menu_representative.cpu_only,1,8,13413,13567,13460,13463,,,NOT_REACHED,NOT_REACHED,not_reached,,,,comparable,,,,false,fork_advanced_settings_unmatched;live_markers_missing
game_load.doax_menu_representative.cpu_pfifo_gpu,1,8,34766,35084,34102,34662,,,NOT_REACHED,NOT_REACHED,not_reached,,,,comparable,,,,false,fork_advanced_settings_unmatched;live_markers_missing
game_load.doax_menu_representative.cpu_pfifo_gpu_streaming,1,8,38209,38701,37996,38083,,,NOT_REACHED,NOT_REACHED,not_reached,,,,comparable,,,,false,fork_advanced_settings_unmatched;live_markers_missing
game_load.doax_menu_representative.full_system,1,8,39067,39911,38590,38943,,,NOT_REACHED,NOT_REACHED,not_reached,,,,comparable,,,,false,fork_advanced_settings_unmatched;live_markers_missing
game_load.doax_menu_representative.gpu_only,1,8,18909,18957,18305,18554,,,NOT_REACHED,NOT_REACHED,not_reached,,,,comparable,,,,false,fork_advanced_settings_unmatched;live_markers_missing
game_load.doax_menu_representative.pfifo_only,1,8,2507,2670,2562,2527,,,NOT_REACHED,NOT_REACHED,not_reached,,,,comparable,,,,false,fork_advanced_settings_unmatched;live_markers_missing
game_load.doax_menu_representative.streaming_only,1,8,5191,4758,5586,4816,,,NOT_REACHED,NOT_REACHED,not_reached,,,,comparable,,,,false,fork_advanced_settings_unmatched;live_markers_missing
game_load.doax_menu_stress.cpu_only,1,8,26857,26849,26834,26954,,,NOT_REACHED,NOT_REACHED,not_reached,,,,comparable,,,,false,fork_advanced_settings_unmatched;live_markers_missing
game_load.doax_menu_stress.cpu_pfifo_gpu,1,8,68957,69200,68577,68628,,,NOT_REACHED,NOT_REACHED,not_reached,,,,comparable,,,,false,fork_advanced_settings_unmatched;live_markers_missing
game_load.doax_menu_stress.cpu_pfifo_gpu_streaming,1,8,76395,76474,75041,75774,,,NOT_REACHED,NOT_REACHED,not_reached,,,,comparable,,,,false,fork_advanced_settings_unmatched;live_markers_missing
game_load.doax_menu_stress.full_system,1,8,76770,77025,76146,76555,,,NOT_REACHED,NOT_REACHED,not_reached,,,,comparable,,,,false,fork_advanced_settings_unmatched;live_markers_missing
game_load.doax_menu_stress.gpu_only,1,8,37469,37616,36388,36592,,,NOT_REACHED,NOT_REACHED,not_reached,,,,comparable,,,,false,fork_advanced_settings_unmatched;live_markers_missing
game_load.doax_menu_stress.pfifo_only,1,8,4949,4954,4925,4851,,,NOT_REACHED,NOT_REACHED,not_reached,,,,comparable,,,,false,fork_advanced_settings_unmatched;live_markers_missing
game_load.doax_menu_stress.streaming_only,1,8,9031,8963,9343,9370,,,NOT_REACHED,NOT_REACHED,not_reached,,,,comparable,,,,false,fork_advanced_settings_unmatched;live_markers_missing
game_load.long_unlocked_scene.alpha_overdraw,1,8,33934,33733,33106,33600,29689,29483,PASS,PASS,comparable,,,,comparable,,,,false,fork_advanced_settings_unmatched;live_markers_missing
game_load.long_unlocked_scene.combined,1,8,71009,71339,70551,71340,59921,60630,PASS,PASS,comparable,,,,comparable,,,,false,fork_advanced_settings_unmatched;live_markers_missing
game_load.long_unlocked_scene.cpu,1,8,23905,23984,23811,23789,15988,16238,PASS,PASS,comparable,,,,comparable,,,,false,fork_advanced_settings_unmatched;live_markers_missing
game_load.long_unlocked_scene.full_system,1,8,70942,71411,70837,71242,59635,59047,PASS,PASS,comparable,,,,comparable,,,,false,fork_advanced_settings_unmatched;live_markers_missing
game_load.long_unlocked_scene.pfifo,1,8,5019,5121,4930,4957,6163,6209,PASS,PASS,comparable,,,,comparable,,,,false,fork_advanced_settings_unmatched;live_markers_missing
game_load.long_unlocked_scene.streaming_surface_reuse,1,8,8564,8858,9007,8856,8883,8611,PASS,PASS,comparable,,,,comparable,,,,false,fork_advanced_settings_unmatched;live_markers_missing
game_load.pgr2_ai_backup.cpu_only,1,8,41633,41902,42233,42234,,,NOT_REACHED,NOT_REACHED,not_reached,,,,comparable,,,,false,fork_advanced_settings_unmatched;live_markers_missing
game_load.pgr2_ai_backup.cpu_pfifo_gpu,1,8,154251,155429,152012,153584,,,NOT_REACHED,NOT_REACHED,not_reached,,,,comparable,,,,false,fork_advanced_settings_unmatched;live_markers_missing
game_load.pgr2_ai_backup.cpu_pfifo_gpu_streaming,1,8,157673,158556,156887,157591,,,NOT_REACHED,NOT_REACHED,not_reached,,,,comparable,,,,false,fork_advanced_settings_unmatched;live_markers_missing
game_load.pgr2_ai_backup.full_system,1,8,159105,159261,156178,158694,,,NOT_REACHED,NOT_REACHED,not_reached,,,,comparable,,,,false,fork_advanced_settings_unmatched;live_markers_missing
game_load.pgr2_ai_backup.gpu_only,1,8,97087,96820,94500,96202,,,NOT_REACHED,NOT_REACHED,not_reached,,,,comparable,,,,false,fork_advanced_settings_unmatched;live_markers_missing
game_load.pgr2_ai_backup.pfifo_only,1,8,15727,16059,15674,15913,,,NOT_REACHED,NOT_REACHED,not_reached,,,,comparable,,,,false,fork_advanced_settings_unmatched;live_markers_missing
game_load.pgr2_ai_backup.streaming_only,1,8,3168,3488,3549,3530,,,NOT_REACHED,NOT_REACHED,not_reached,,,,comparable,,,,false,fork_advanced_settings_unmatched;live_markers_missing
game_load.repeated_display,1,8,16619,16570,16583,16574,,,NOT_REACHED,NOT_REACHED,not_reached,,,,comparable,,,,false,fork_advanced_settings_unmatched;live_markers_missing
game_load.repeated_display_boosted,1,8,43814,49899,49870,49848,,,NOT_REACHED,NOT_REACHED,not_reached,,,,comparable,,,,false,fork_advanced_settings_unmatched;live_markers_missing
game_load.s3tc_sync_factor.bc2_bordered_fallback,1,8,48499,48477,48680,48600,,,NOT_REACHED,NOT_REACHED,not_reached,,,,comparable,,,,false,fork_advanced_settings_unmatched;live_markers_missing
game_load.s3tc_sync_factor.bc2_native_eligible,1,8,16817,16914,16857,16842,16519,17126,PASS,PASS,hash_mismatch,,,,comparable,,,,false,fork_advanced_settings_unmatched;live_markers_missing
game_load.s3tc_sync_factor.bc3_bordered_fallback,1,8,48546,48411,48589,48558,,,NOT_REACHED,NOT_REACHED,not_reached,,,,comparable,,,,false,fork_advanced_settings_unmatched;live_markers_missing
game_load.s3tc_sync_factor.bc3_native_eligible,1,8,16775,16807,16653,16669,,,NOT_REACHED,NOT_REACHED,not_reached,,,,comparable,,,,false,fork_advanced_settings_unmatched;live_markers_missing
game_load.s3tc_sync_factor.dxt1_dirty_once_redraw,1,8,15652,15755,15720,15544,15770,16029,PASS,PASS,comparable,,,,comparable,,,,false,fork_advanced_settings_unmatched;live_markers_missing
game_load.s3tc_sync_factor.dxt1_ring_payload_generations,1,8,15701,15932,15874,15712,16028,16076,PASS,PASS,hash_mismatch,,,,comparable,,,,false,fork_advanced_settings_unmatched;live_markers_missing
game_load.s3tc_sync_factor.dxt1_same_address_queued,1,8,17226,15209,17219,17201,15982,16491,PASS,PASS,hash_mismatch,,,,hash_mismatch,,,,false,fork_advanced_settings_unmatched;live_markers_missing
game_load.s3tc_sync_factor.dxt1_same_address_wait,1,8,17246,17261,17288,17249,26053,24697,FAIL,FAIL,functional_failure,,,,comparable,,,,false,fork_advanced_settings_unmatched;live_markers_missing
game_load.s3tc_sync_factor.rgba8_dirty_once_redraw,1,8,16358,16384,16250,16408,16201,16133,PASS,PASS,comparable,,,,comparable,,,,false,fork_advanced_settings_unmatched;live_markers_missing
game_load.s3tc_sync_factor.rgba8_ring_payload_generations,1,8,49318,49270,49105,49314,49413,49577,PASS,PASS,comparable,,,,comparable,,,,false,fork_advanced_settings_unmatched;live_markers_missing
game_load.s3tc_sync_factor.rgba8_same_address_queued,1,8,48907,49089,48905,49073,49967,50349,PASS,PASS,hash_mismatch,,,,hash_mismatch,,,,false,fork_advanced_settings_unmatched;live_markers_missing
game_load.s3tc_sync_factor.rgba8_same_address_wait,1,8,49732,49754,49853,49773,51149,63955,FAIL,FAIL,functional_failure,,,,comparable,,,,false,fork_advanced_settings_unmatched;live_markers_missing
high_vertex_count.arrays,1,100,134,78,167,80,,,NOT_REACHED,NOT_REACHED,not_reached,,,,comparable,,,,false,fork_advanced_settings_unmatched;live_markers_missing
high_vertex_count.inline_arrays,1,10,49078,48894,48887,49448,,,NOT_REACHED,NOT_REACHED,not_reached,,,,comparable,,,,false,fork_advanced_settings_unmatched;live_markers_missing
high_vertex_count.inline_buffers,1,5,238639,239969,233298,238257,,,NOT_REACHED,NOT_REACHED,not_reached,,,,comparable,,,,false,fork_advanced_settings_unmatched;live_markers_missing
high_vertex_count.inline_elements,1,50,3988,4006,3973,3993,,,NOT_REACHED,NOT_REACHED,not_reached,,,,comparable,,,,false,fork_advanced_settings_unmatched;live_markers_missing
pfifo_array_elements.array_element16,1,8,581,575,557,574,,,NOT_REACHED,NOT_REACHED,not_reached,,,,comparable,,,,false,fork_advanced_settings_unmatched;live_markers_missing
pfifo_array_elements.array_element32,1,8,983,999,992,999,,,NOT_REACHED,NOT_REACHED,not_reached,,,,comparable,,,,false,fork_advanced_settings_unmatched;live_markers_missing
pfifo_array_elements.array_element_pgr2,1,8,777,551,1503,560,,,NOT_REACHED,NOT_REACHED,not_reached,,,,comparable,,,,false,fork_advanced_settings_unmatched;live_markers_missing
pfifo_packet_boundary.array_element16_overflow,1,1,16869,16786,17393,16718,,,NOT_REACHED,NOT_REACHED,not_reached,,,,comparable,,,,false,fork_advanced_settings_unmatched;live_markers_missing
pfifo_packet_boundary.array_element32_overflow,1,1,32320,32317,32254,32606,,,NOT_REACHED,NOT_REACHED,not_reached,,,,comparable,,,,false,fork_advanced_settings_unmatched;live_markers_missing
pfifo_packet_boundary.incrementing_inline_fallback,1,1,106,171,133,111,,,NOT_REACHED,NOT_REACHED,not_reached,,,,comparable,,,,false,fork_advanced_settings_unmatched;live_markers_missing
pfifo_packet_boundary.inline_array_overflow,1,1,32496,32376,32607,32891,,,NOT_REACHED,NOT_REACHED,not_reached,,,,comparable,,,,false,fork_advanced_settings_unmatched;live_markers_missing
pipeline_texture_switch.clear_texture_normal,1,8,9856,9936,9981,10014,,,NOT_REACHED,NOT_REACHED,not_reached,,,,comparable,,,,false,fork_advanced_settings_unmatched;live_markers_missing
pipeline_texture_switch.palette_only_update,1,1,21351,20160,21367,20091,,,NOT_REACHED,NOT_REACHED,not_reached,,,,comparable,,,,false,fork_advanced_settings_unmatched;live_markers_missing
pipeline_texture_switch.sampler_only_identity,1,8,23532,23688,23269,23969,,,NOT_REACHED,NOT_REACHED,not_reached,,,,comparable,,,,false,fork_advanced_settings_unmatched;live_markers_missing
pipeline_texture_switch.shader_negative_control,1,8,19350,19425,18526,19417,,,NOT_REACHED,NOT_REACHED,not_reached,,,,comparable,,,,false,fork_advanced_settings_unmatched;live_markers_missing
pipeline_texture_switch.shared_page_overlap,1,1,20134,20195,19929,20356,,,NOT_REACHED,NOT_REACHED,not_reached,,,,comparable,,,,false,fork_advanced_settings_unmatched;live_markers_missing
pipeline_texture_switch.texture_switch,1,8,19307,19662,19050,19617,,,NOT_REACHED,NOT_REACHED,not_reached,,,,comparable,,,,false,fork_advanced_settings_unmatched;live_markers_missing
primitive_type.line_loop.fixed_function,1,10,817,670,702,674,,,NOT_REACHED,NOT_REACHED,not_reached,,,,comparable,,,,false,fork_advanced_settings_unmatched;live_markers_missing
primitive_type.line_loop.vertex_shader,1,10,631,634,619,642,,,NOT_REACHED,NOT_REACHED,not_reached,,,,comparable,,,,false,fork_advanced_settings_unmatched;live_markers_missing
primitive_type.line_strip.fixed_function,1,10,651,663,629,654,,,NOT_REACHED,NOT_REACHED,not_reached,,,,comparable,,,,false,fork_advanced_settings_unmatched;live_markers_missing
primitive_type.line_strip.vertex_shader,1,10,653,629,605,642,,,NOT_REACHED,NOT_REACHED,not_reached,,,,comparable,,,,false,fork_advanced_settings_unmatched;live_markers_missing
primitive_type.lines.fixed_function,1,10,1191,1201,1221,1199,,,NOT_REACHED,NOT_REACHED,not_reached,,,,comparable,,,,false,fork_advanced_settings_unmatched;live_markers_missing
primitive_type.lines.vertex_shader,1,10,1179,1183,1208,1202,,,NOT_REACHED,NOT_REACHED,not_reached,,,,comparable,,,,false,fork_advanced_settings_unmatched;live_markers_missing
primitive_type.points.fixed_function,1,10,1152,657,1548,658,,,NOT_REACHED,NOT_REACHED,not_reached,,,,comparable,,,,false,fork_advanced_settings_unmatched;live_markers_missing
primitive_type.points.vertex_shader,1,10,1195,682,1458,658,,,NOT_REACHED,NOT_REACHED,not_reached,,,,comparable,,,,false,fork_advanced_settings_unmatched;live_markers_missing
primitive_type.polygon.fixed_function,1,10,649,644,670,663,,,NOT_REACHED,NOT_REACHED,not_reached,,,,comparable,,,,false,fork_advanced_settings_unmatched;live_markers_missing
primitive_type.polygon.vertex_shader,1,10,628,629,621,630,,,NOT_REACHED,NOT_REACHED,not_reached,,,,comparable,,,,false,fork_advanced_settings_unmatched;live_markers_missing
primitive_type.quad_strip.fixed_function,1,10,1542,1217,2194,1260,,,NOT_REACHED,NOT_REACHED,not_reached,,,,comparable,,,,false,fork_advanced_settings_unmatched;live_markers_missing
primitive_type.quad_strip.vertex_shader,1,10,1373,1181,1979,1200,,,NOT_REACHED,NOT_REACHED,not_reached,,,,comparable,,,,false,fork_advanced_settings_unmatched;live_markers_missing
primitive_type.quads.fixed_function,1,10,2269,2332,2279,2353,,,NOT_REACHED,NOT_REACHED,not_reached,,,,comparable,,,,false,fork_advanced_settings_unmatched;live_markers_missing
primitive_type.quads.vertex_shader,1,10,2291,2304,2304,2335,,,NOT_REACHED,NOT_REACHED,not_reached,,,,comparable,,,,false,fork_advanced_settings_unmatched;live_markers_missing
primitive_type.triangle_fan.fixed_function,1,10,646,645,622,660,,,NOT_REACHED,NOT_REACHED,not_reached,,,,comparable,,,,false,fork_advanced_settings_unmatched;live_markers_missing
primitive_type.triangle_fan.vertex_shader,1,10,613,639,612,636,,,NOT_REACHED,NOT_REACHED,not_reached,,,,comparable,,,,false,fork_advanced_settings_unmatched;live_markers_missing
primitive_type.triangle_strip.fixed_function,1,10,619,629,611,624,,,NOT_REACHED,NOT_REACHED,not_reached,,,,comparable,,,,false,fork_advanced_settings_unmatched;live_markers_missing
primitive_type.triangle_strip.vertex_shader,1,10,621,624,614,629,,,NOT_REACHED,NOT_REACHED,not_reached,,,,comparable,,,,false,fork_advanced_settings_unmatched;live_markers_missing
primitive_type.triangles.fixed_function,1,10,1744,1754,1741,1780,,,NOT_REACHED,NOT_REACHED,not_reached,,,,comparable,,,,false,fork_advanced_settings_unmatched;live_markers_missing
primitive_type.triangles.vertex_shader,1,10,1735,1745,1752,1771,,,NOT_REACHED,NOT_REACHED,not_reached,,,,comparable,,,,false,fork_advanced_settings_unmatched;live_markers_missing
report_query.clear_boundary,2,4,1342,1391,1216,1636,,,NOT_REACHED,NOT_REACHED,not_reached,,,,comparable,,,,false,fork_advanced_settings_unmatched;live_markers_missing
report_query.dma_descriptor_rewrite,2,1,5139,3405,3522,3698,,,NOT_REACHED,NOT_REACHED,not_reached,,,,comparable,,,,false,fork_advanced_settings_unmatched;live_markers_missing
report_query.dma_range_guard,2,1,2204,1965,2271,2441,,,NOT_REACHED,NOT_REACHED,not_reached,,,,comparable,,,,false,fork_advanced_settings_unmatched;live_markers_missing
report_query.dma_target_switch,2,4,1604,1418,1736,1839,,,NOT_REACHED,NOT_REACHED,not_reached,,,,comparable,,,,false,fork_advanced_settings_unmatched;live_markers_missing
report_query.fifo_producer_ordering,2,4,1784,1706,1867,1974,,,NOT_REACHED,NOT_REACHED,not_reached,,,,comparable,,,,false,fork_advanced_settings_unmatched;live_markers_missing
report_query.multiple_boundaries,2,4,1067,1248,1029,1206,,,NOT_REACHED,NOT_REACHED,not_reached,,,,comparable,,,,false,fork_advanced_settings_unmatched;live_markers_missing
report_query.single_boundary,2,4,1179,1270,1314,1227,,,NOT_REACHED,NOT_REACHED,not_reached,,,,comparable,,,,false,fork_advanced_settings_unmatched;live_markers_missing
report_query.zero_query,2,4,966,1045,1056,1013,,,NOT_REACHED,NOT_REACHED,not_reached,,,,comparable,,,,false,fork_advanced_settings_unmatched;live_markers_missing
surface.basic,1,10,17474,14953,18770,14780,,,NOT_REACHED,NOT_REACHED,not_reached,,,,comparable,,,,false,fork_advanced_settings_unmatched;live_markers_missing
surface.cpu_read_after_gpu_write,1,20,1398,1211,1345,1342,,,NOT_REACHED,NOT_REACHED,not_reached,,,,comparable,,,,false,fork_advanced_settings_unmatched;live_markers_missing
surface.cpu_read_clean_surface,1,100,59,59,60,61,,,NOT_REACHED,NOT_REACHED,not_reached,,,,comparable,,,,false,fork_advanced_settings_unmatched;live_markers_missing
surface.framebuffer_working_set_002,1,20,1361,1427,1448,1350,,,NOT_REACHED,NOT_REACHED,not_reached,,,,comparable,,,,false,fork_advanced_settings_unmatched;live_markers_missing
surface.framebuffer_working_set_008,1,20,1395,1421,1277,1313,,,NOT_REACHED,NOT_REACHED,not_reached,,,,comparable,,,,false,fork_advanced_settings_unmatched;live_markers_missing
surface.framebuffer_working_set_032,1,20,1359,1394,1362,1389,,,NOT_REACHED,NOT_REACHED,not_reached,,,,comparable,,,,false,fork_advanced_settings_unmatched;live_markers_missing
surface.framebuffer_working_set_064,1,20,1446,1462,1424,1390,,,NOT_REACHED,NOT_REACHED,not_reached,,,,comparable,,,,false,fork_advanced_settings_unmatched;live_markers_missing
surface.full_clear_elision_guard,1,100,2016,2023,1921,1777,,,NOT_REACHED,NOT_REACHED,not_reached,,,,comparable,,,,false,fork_advanced_settings_unmatched;live_markers_missing
surface.overlapping_surface_churn_representative,1,100,2053,2081,2073,2129,,,NOT_REACHED,NOT_REACHED,not_reached,,,,comparable,,,,false,fork_advanced_settings_unmatched;live_markers_missing
surface.overlapping_surface_churn_stress,1,10,25616,26081,25788,25968,,,NOT_REACHED,NOT_REACHED,not_reached,,,,comparable,,,,false,fork_advanced_settings_unmatched;live_markers_missing
surface.partial_channel_clear_guard,1,100,1437,1433,1436,1443,,,NOT_REACHED,NOT_REACHED,not_reached,,,,comparable,,,,false,fork_advanced_settings_unmatched;live_markers_missing
surface.surface_download_path,1,10,17366,17173,18135,17034,,,NOT_REACHED,NOT_REACHED,not_reached,,,,comparable,,,,false,fork_advanced_settings_unmatched;live_markers_missing
surface.surface_list_lookup_002,1,20,1203,1184,1257,1199,,,NOT_REACHED,NOT_REACHED,not_reached,,,,comparable,,,,false,fork_advanced_settings_unmatched;live_markers_missing
surface.surface_list_lookup_008,1,20,1199,1196,1224,1162,,,NOT_REACHED,NOT_REACHED,not_reached,,,,comparable,,,,false,fork_advanced_settings_unmatched;live_markers_missing
surface.surface_list_lookup_032,1,20,1218,1215,1225,1226,,,NOT_REACHED,NOT_REACHED,not_reached,,,,comparable,,,,false,fork_advanced_settings_unmatched;live_markers_missing
surface.surface_list_lookup_128,1,20,1240,1289,1283,1365,,,NOT_REACHED,NOT_REACHED,not_reached,,,,comparable,,,,false,fork_advanced_settings_unmatched;live_markers_missing
surface.vulkan_memory_pressure.representative.alias_resize,1,4,16740,16657,16928,16809,,,NOT_REACHED,NOT_REACHED,not_reached,,,,comparable,,,,false,fork_advanced_settings_unmatched;live_markers_missing
surface.vulkan_memory_pressure.representative.growth,1,4,17978,17352,17818,17481,,,NOT_REACHED,NOT_REACHED,not_reached,,,,comparable,,,,false,fork_advanced_settings_unmatched;live_markers_missing
surface.vulkan_memory_pressure.representative.idle_retention,1,4,714,726,699,735,,,NOT_REACHED,NOT_REACHED,not_reached,,,,comparable,,,,false,fork_advanced_settings_unmatched;live_markers_missing
surface.vulkan_memory_pressure.representative.plateau,1,4,14862,15099,14908,15817,,,NOT_REACHED,NOT_REACHED,not_reached,,,,comparable,,,,false,fork_advanced_settings_unmatched;live_markers_missing
surface.vulkan_memory_pressure.representative.reuse,1,4,16486,16190,16135,16560,,,NOT_REACHED,NOT_REACHED,not_reached,,,,comparable,,,,false,fork_advanced_settings_unmatched;live_markers_missing
surface.vulkan_memory_pressure.stress.alias_resize,1,4,71823,71089,71169,70062,,,NOT_REACHED,NOT_REACHED,not_reached,,,,comparable,,,,false,fork_advanced_settings_unmatched;live_markers_missing
surface.vulkan_memory_pressure.stress.growth,1,4,67561,67871,68632,67430,,,NOT_REACHED,NOT_REACHED,not_reached,,,,comparable,,,,false,fork_advanced_settings_unmatched;live_markers_missing
surface.vulkan_memory_pressure.stress.idle_retention,1,4,809,799,812,903,,,NOT_REACHED,NOT_REACHED,not_reached,,,,comparable,,,,false,fork_advanced_settings_unmatched;live_markers_missing
surface.vulkan_memory_pressure.stress.plateau,1,4,60006,59903,60346,60357,,,NOT_REACHED,NOT_REACHED,not_reached,,,,comparable,,,,false,fork_advanced_settings_unmatched;live_markers_missing
surface.vulkan_memory_pressure.stress.reuse,1,4,70316,70071,70482,70514,,,NOT_REACHED,NOT_REACHED,not_reached,,,,comparable,,,,false,fork_advanced_settings_unmatched;live_markers_missing
texture_cubemap_fallback.unbordered_subblock_dxt1,1,8,16630,16629,16645,16630,,,NOT_REACHED,NOT_REACHED,not_reached,,,,comparable,,,,false,fork_advanced_settings_unmatched;live_markers_missing
tiny_draw.arrays.fixed_function,1,10,24426,24456,23766,24159,,,NOT_REACHED,NOT_REACHED,not_reached,,,,comparable,,,,false,fork_advanced_settings_unmatched;live_markers_missing
tiny_draw.arrays.vertex_shader,1,10,24493,24417,23723,24229,,,NOT_REACHED,NOT_REACHED,not_reached,,,,comparable,,,,false,fork_advanced_settings_unmatched;live_markers_missing
tiny_draw.inline_arrays.fixed_function,1,10,29398,29206,28469,29109,,,NOT_REACHED,NOT_REACHED,not_reached,,,,comparable,,,,false,fork_advanced_settings_unmatched;live_markers_missing
tiny_draw.inline_arrays.vertex_shader,1,10,29311,29294,28634,28849,,,NOT_REACHED,NOT_REACHED,not_reached,,,,comparable,,,,false,fork_advanced_settings_unmatched;live_markers_missing
tiny_draw.inline_buffers.fixed_function,1,10,20426,20369,19898,20204,,,NOT_REACHED,NOT_REACHED,not_reached,,,,comparable,,,,false,fork_advanced_settings_unmatched;live_markers_missing
tiny_draw.inline_buffers.vertex_shader,1,10,20404,20248,19966,20247,,,NOT_REACHED,NOT_REACHED,not_reached,,,,comparable,,,,false,fork_advanced_settings_unmatched;live_markers_missing
tiny_draw.inline_elements.fixed_function,1,10,24546,24280,23786,24089,,,NOT_REACHED,NOT_REACHED,not_reached,,,,comparable,,,,false,fork_advanced_settings_unmatched;live_markers_missing
tiny_draw.inline_elements.vertex_shader,1,10,24356,24345,23948,24138,,,NOT_REACHED,NOT_REACHED,not_reached,,,,comparable,,,,false,fork_advanced_settings_unmatched;live_markers_missing
uniform_thrash.uniform_thrash,1,10,1956,1327,2103,1299,,,NOT_REACHED,NOT_REACHED,not_reached,,,,comparable,,,,false,fork_advanced_settings_unmatched;live_markers_missing
vertex_buffer_allocation.disjoint_same_page,1,10,35109,35055,35143,34783,,,NOT_REACHED,NOT_REACHED,not_reached,,,,comparable,,,,false,fork_advanced_settings_unmatched;live_markers_missing
vertex_buffer_allocation.mixed.arrays,1,10,23494,23693,23136,24370,,,NOT_REACHED,NOT_REACHED,not_reached,,,,comparable,,,,false,fork_advanced_settings_unmatched;live_markers_missing
vertex_buffer_allocation.mixed.inline_arrays,1,10,137555,137418,137628,138041,,,NOT_REACHED,NOT_REACHED,not_reached,,,,comparable,,,,false,fork_advanced_settings_unmatched;live_markers_missing
vertex_buffer_allocation.mixed.inline_buffers,1,10,602421,608128,593649,604891,,,NOT_REACHED,NOT_REACHED,not_reached,,,,comparable,,,,false,fork_advanced_settings_unmatched;live_markers_missing
vertex_buffer_allocation.mixed.inline_elements,1,10,32443,32825,32534,32618,,,NOT_REACHED,NOT_REACHED,not_reached,,,,comparable,,,,false,fork_advanced_settings_unmatched;live_markers_missing
vertex_buffer_allocation.rising_transient_growth,1,1,656161,662659,657203,671405,,,NOT_REACHED,NOT_REACHED,not_reached,,,,comparable,,,,false,fork_advanced_settings_unmatched;live_markers_missing
vertex_buffer_allocation.tiny.arrays,1,10,38538,38939,38916,38624,,,NOT_REACHED,NOT_REACHED,not_reached,,,,comparable,,,,false,fork_advanced_settings_unmatched;live_markers_missing
vertex_buffer_allocation.tiny.inline_arrays,1,10,39830,39988,41694,41809,,,NOT_REACHED,NOT_REACHED,not_reached,,,,comparable,,,,false,fork_advanced_settings_unmatched;live_markers_missing
vertex_buffer_allocation.tiny.inline_buffers,1,10,36895,36613,36588,37055,,,NOT_REACHED,NOT_REACHED,not_reached,,,,comparable,,,,false,fork_advanced_settings_unmatched;live_markers_missing
vertex_buffer_allocation.tiny.inline_elements,1,10,37477,37539,37324,37431,,,NOT_REACHED,NOT_REACHED,not_reached,,,,comparable,,,,false,fork_advanced_settings_unmatched;live_markers_missing
