leaf_id,revision,guest_iterations,guest_sample_count,main1_us,candidate1_us,candidate2_us,main2_us,main1_median_us,candidate1_median_us,candidate2_median_us,main2_median_us,main1_mad_us,candidate1_mad_us,candidate2_mad_us,main2_mad_us,functional_status,pair1_candidate_speedup_pct,pair2_candidate_speedup_pct,two_pair_candidate_speedup_pct,main_run_drift_pct,candidate_run_drift_pct,direction_repeats,effect_exceeds_max_role_drift,timing_grade
busy_pfifo.pfifo_saturation,1,10,10,97650,101335,100039,101984,98005.0,101496.0,99787.0,101579.0,1174.5,372.0,676.0,667.0,hash_matched,-3.636,1.944,-0.864,4.342,1.287,false,false,diagnostic_only_no_live_markers
busy_pfifo.pgraph_pattern_polling,1,1,1,4528958,4603579,4641071,4597174,4528958,4603579,4641071,4597174,0,0,0,0,hash_matched,-1.621,-0.946,-1.282,1.495,0.811,true,false,diagnostic_only_no_live_markers
cpu_floating_point.sse_scalar,1,10,10,526675,499994,505639,532698,524634.5,494320.0,504085.0,531779.5,7049.5,3998.5,8066.5,5564.5,hash_matched,5.336,5.351,5.344,1.137,1.123,true,true,diagnostic_only_no_live_markers
cpu_floating_point.x87_scalar,1,10,10,778726,782536,783113,784212,778878.0,782421.0,782881.5,781198.5,780.0,784.5,713.0,1069.5,hash_matched,-0.487,0.140,-0.173,0.702,0.074,false,false,diagnostic_only_no_live_markers
cpu_translation_blocks.direct_loop,1,10,10,9824,9837,9845,9763,9734.5,9789.0,9820.5,9748.5,9.5,81.5,31.0,67.5,hash_matched,-0.132,-0.833,-0.483,0.623,0.081,true,false,diagnostic_only_no_live_markers
cpu_translation_blocks.indirect_dispatch,1,10,10,38981,39709,39611,39278,38867.0,39818.5,39636.0,39228.0,139.0,136.0,142.5,123.0,hash_matched,-1.833,-0.841,-1.338,0.759,0.247,true,true,diagnostic_only_no_live_markers
cpu_translation_blocks.indirect_dispatch_stress,1,10,10,780066,794981,793581,782975,780063.5,795061.0,792014.5,782910.5,1146.0,4053.5,638.5,1000.0,hash_matched,-1.876,-1.336,-1.607,0.372,0.176,true,true,diagnostic_only_no_live_markers
fill_rate.solid,1,10,10,1361,1404,1389,1378,1219.0,1279.0,1274.5,1239.5,26.5,11.0,42.5,51.0,hash_matched,-3.063,-0.792,-1.933,1.241,1.074,true,true,diagnostic_only_no_live_markers
fill_rate.textured,1,10,10,1222,1284,1257,1254,1230.0,1281.0,1272.5,1252.0,18.0,11.5,20.0,9.5,hash_matched,-4.829,-0.239,-2.558,2.585,2.125,true,false,diagnostic_only_no_live_markers
game_load.cross_title_hotpath.blend_constant_reuse,1,8,8,116069,116770,116768,116220,116322.5,116747.0,116656.5,116374.5,729.5,821.0,305.0,1032.5,hash_matched,-0.600,-0.469,-0.535,0.130,0.002,true,true,diagnostic_only_no_live_markers
game_load.cross_title_hotpath.gpu_wait_control,1,8,8,1258,1317,1293,1296,1219.5,1284.0,1245.5,1258.0,49.5,40.0,17.0,34.5,hash_matched,-4.480,0.232,-2.146,2.976,1.839,false,false,diagnostic_only_no_live_markers
game_load.cross_title_hotpath.pgr2_lagspot_inline_elements,1,8,8,107949,106599,105655,109601,103351.0,102379.0,100844.0,108429.0,3460.5,3616.0,1561.0,3605.5,hash_matched,1.266,3.735,2.495,1.519,0.890,true,true,diagnostic_only_no_live_markers
game_load.cross_title_hotpath.pgr2_small_draws,1,8,8,123673,119168,118915,115745,127534.0,119411.5,118667.0,115272.5,776.5,711.5,471.0,609.5,hash_matched,3.780,-2.666,0.561,6.623,0.213,false,false,diagnostic_only_no_live_markers
game_load.cross_title_hotpath.pipeline_state_churn,1,8,8,66858,67127,67112,66866,66655.5,66715.0,66848.5,66692.0,301.0,272.0,421.5,226.5,hash_matched,-0.401,-0.367,-0.384,0.012,0.022,true,true,diagnostic_only_no_live_markers
game_load.cross_title_hotpath.queued_vertex_cpu_writes,1,8,8,67716,67205,64997,64921,66621.0,66848.5,66277.0,66458.5,498.0,722.0,919.5,559.5,hash_matched,0.760,-0.117,0.329,4.215,3.340,false,false,diagnostic_only_no_live_markers
game_load.cross_title_hotpath.s3tc_streaming_fenced_draws,1,8,8,1139203,1137950,1139616,1149133,1135356.5,1132349.0,1136341.0,1149366.0,4409.5,4244.0,2240.0,4290.0,hash_matched,0.110,0.835,0.473,0.868,0.146,true,false,diagnostic_only_no_live_markers
game_load.cross_title_hotpath.scaled_surface_pressure,1,8,8,348539,342050,341771,337436,338263.5,340885.0,339032.5,335260.5,14679.5,14037.0,13124.0,10101.0,hash_matched,1.897,-1.268,0.315,3.237,0.082,false,false,diagnostic_only_no_live_markers
game_load.cross_title_hotpath.surface_reuse,1,8,8,5894,6060,5846,5924,5783.0,5896.0,5749.0,5921.0,121.0,123.5,175.5,52.5,hash_matched,-2.739,1.334,-0.739,0.508,3.595,false,false,diagnostic_only_no_live_markers
game_load.cross_title_hotpath.texture_binding_reuse,1,8,8,154104,156943,154790,154350,150296.0,150559.0,150158.0,150279.0,884.0,1258.5,557.0,746.5,hash_matched,-1.809,-0.284,-1.052,0.160,1.381,true,false,diagnostic_only_no_live_markers
game_load.cross_title_hotpath.texture_update_reuse,1,8,8,2786,2761,2808,2758,2719.5,2698.5,2769.0,2723.5,10.5,21.5,45.0,24.5,hash_matched,0.905,-1.781,-0.449,1.010,1.688,false,false,diagnostic_only_no_live_markers
game_load.doax_menu_representative.cpu_only,1,8,8,13452,13456,13598,13531,13350.0,13413.5,13638.0,13493.0,28.5,39.5,172.5,41.0,hash_matched,-0.030,-0.493,-0.262,0.586,1.050,true,false,diagnostic_only_no_live_markers
game_load.doax_menu_representative.cpu_pfifo_gpu,1,8,8,33886,34966,34960,34600,33871.0,34997.0,34948.5,34526.0,118.5,80.5,120.0,76.0,hash_matched,-3.089,-1.030,-2.059,2.085,0.017,true,false,diagnostic_only_no_live_markers
game_load.doax_menu_representative.cpu_pfifo_gpu_streaming,1,8,8,37463,38586,38287,38179,37257.5,38547.5,38172.5,38158.5,205.5,366.5,172.0,49.0,hash_matched,-2.910,-0.282,-1.601,1.893,0.778,true,false,diagnostic_only_no_live_markers
game_load.doax_menu_representative.full_system,1,8,8,38031,39119,39542,38868,37436.5,38652.5,39209.5,38315.5,209.5,591.0,897.5,418.5,hash_matched,-2.781,-1.705,-2.240,2.177,1.076,true,true,diagnostic_only_no_live_markers
game_load.doax_menu_representative.gpu_only,1,8,8,18097,19115,18670,18409,18065.0,19146.5,18682.0,18419.5,112.0,53.0,61.5,111.5,hash_matched,-5.326,-1.398,-3.385,1.709,2.355,true,true,diagnostic_only_no_live_markers
game_load.doax_menu_representative.pfifo_only,1,8,8,2473,2560,2614,2530,2446.5,2551.5,2611.5,2488.5,20.5,28.0,20.5,28.0,hash_matched,-3.398,-3.213,-3.305,2.279,2.087,true,true,diagnostic_only_no_live_markers
game_load.doax_menu_representative.streaming_only,1,8,8,5545,4790,5061,4809,5028.0,4652.5,4638.5,4707.5,382.0,77.0,48.5,29.0,hash_matched,15.762,-4.979,5.106,14.217,5.502,false,false,diagnostic_only_no_live_markers
game_load.doax_menu_stress.cpu_only,1,8,8,26668,26591,27269,26868,26658.5,26529.5,27187.5,26847.0,162.0,213.5,202.0,149.0,hash_matched,0.290,-1.471,-0.602,0.747,2.518,false,false,diagnostic_only_no_live_markers
game_load.doax_menu_stress.cpu_pfifo_gpu,1,8,8,67579,69945,69909,69108,67451.5,69893.0,69767.5,68958.0,144.5,205.0,411.0,178.5,hash_matched,-3.383,-1.146,-2.265,2.237,0.051,true,true,diagnostic_only_no_live_markers
game_load.doax_menu_stress.cpu_pfifo_gpu_streaming,1,8,8,74303,76483,76447,75500,74107.0,76121.0,76382.0,75664.5,325.5,730.0,410.5,377.0,hash_matched,-2.850,-1.239,-2.045,1.598,0.047,true,true,diagnostic_only_no_live_markers
game_load.doax_menu_stress.full_system,1,8,8,74839,77530,77167,76142,73995.0,76351.5,76295.5,75348.0,580.5,444.0,292.0,186.0,hash_matched,-3.471,-1.328,-2.402,1.726,0.469,true,true,diagnostic_only_no_live_markers
game_load.doax_menu_stress.gpu_only,1,8,8,36117,38079,37244,37197,36124.0,38155.5,37285.5,37306.0,77.5,340.5,63.0,331.5,hash_matched,-5.152,-0.126,-2.667,2.946,2.217,true,false,diagnostic_only_no_live_markers
game_load.doax_menu_stress.pfifo_only,1,8,8,4788,5098,5288,4938,4777.0,5084.5,5194.0,4942.0,30.0,49.0,67.0,24.5,hash_matched,-6.081,-6.619,-6.355,3.085,3.659,true,true,diagnostic_only_no_live_markers
game_load.doax_menu_stress.streaming_only,1,8,8,9343,9279,8733,9518,8867.0,9093.0,8738.0,9267.5,218.5,506.5,115.0,290.5,hash_matched,0.690,8.989,4.714,1.856,6.063,true,false,diagnostic_only_no_live_markers
game_load.long_unlocked_scene.alpha_overdraw,1,8,8,37965,34175,34232,33061,38059.5,34212.5,34296.5,33098.5,324.5,157.5,316.0,213.5,hash_matched,11.090,-3.421,3.829,13.809,0.167,false,false,diagnostic_only_no_live_markers
game_load.long_unlocked_scene.combined,1,8,8,85438,71291,71606,70588,85619.0,71045.0,71345.5,70527.5,321.5,269.0,421.0,251.5,hash_matched,19.844,-1.422,9.188,19.035,0.441,false,false,diagnostic_only_no_live_markers
game_load.long_unlocked_scene.cpu,1,8,8,32982,23923,23985,23909,32921.5,23924.5,23876.5,23801.0,147.5,261.0,90.0,61.0,hash_matched,37.867,-0.317,18.751,31.896,0.259,false,false,diagnostic_only_no_live_markers
game_load.long_unlocked_scene.full_system,1,8,8,85482,71897,71927,71130,85787.0,71732.0,72108.5,71180.5,448.5,280.0,309.5,355.0,hash_matched,18.895,-1.108,8.891,18.328,0.042,false,false,diagnostic_only_no_live_markers
game_load.long_unlocked_scene.pfifo,1,8,8,6141,5127,5219,5018,6091.0,5062.0,5159.5,4944.5,38.0,49.0,28.0,83.0,hash_matched,19.778,-3.851,7.858,20.127,1.778,false,false,diagnostic_only_no_live_markers
game_load.long_unlocked_scene.streaming_surface_reuse,1,8,8,8832,8572,8768,8997,8875.5,8579.5,8604.0,9043.5,399.5,329.5,355.5,502.5,hash_matched,3.033,2.612,2.820,1.851,2.261,true,true,diagnostic_only_no_live_markers
game_load.pgr2_ai_backup.cpu_only,1,8,8,41954,41585,42335,42243,41876.0,41523.0,42292.0,42180.0,128.0,86.0,282.5,215.0,hash_matched,0.887,-0.217,0.330,0.686,1.787,false,false,diagnostic_only_no_live_markers
game_load.pgr2_ai_backup.cpu_pfifo_gpu,1,8,8,150869,156474,157234,154635,150703.5,156426.5,157427.5,154506.0,502.0,410.0,702.5,320.0,hash_matched,-3.582,-1.653,-2.615,2.465,0.485,true,true,diagnostic_only_no_live_markers
game_load.pgr2_ai_backup.cpu_pfifo_gpu_streaming,1,8,8,154021,160450,160180,157856,154341.0,160434.0,160327.5,157771.0,487.5,692.5,203.0,290.0,hash_matched,-4.007,-1.451,-2.730,2.459,0.168,true,true,diagnostic_only_no_live_markers
game_load.pgr2_ai_backup.full_system,1,8,8,155605,160433,161176,159240,154895.0,160177.0,160949.5,159086.5,897.5,423.5,981.5,783.5,hash_matched,-3.009,-1.201,-2.103,2.309,0.462,true,false,diagnostic_only_no_live_markers
game_load.pgr2_ai_backup.gpu_only,1,8,8,93248,99226,97455,96167,93198.5,99096.5,97337.0,96028.0,187.5,480.0,284.5,207.0,hash_matched,-6.025,-1.322,-3.694,3.082,1.801,true,true,diagnostic_only_no_live_markers
game_load.pgr2_ai_backup.pfifo_only,1,8,8,15442,16531,16814,16114,15390.0,16452.5,16886.5,16130.0,50.5,96.5,203.0,25.0,hash_matched,-6.588,-4.163,-5.365,4.259,1.697,true,true,diagnostic_only_no_live_markers
game_load.pgr2_ai_backup.streaming_only,1,8,8,3519,3259,3773,3629,3184.5,3136.5,3249.5,3181.5,50.5,34.0,157.0,48.5,hash_matched,7.978,-3.817,1.650,3.078,14.619,false,false,diagnostic_only_no_live_markers
game_load.repeated_display,1,8,8,16580,16568,16565,16574,16650.5,16646.0,16609.5,16659.0,51.5,35.5,170.5,28.5,hash_matched,0.072,0.054,0.063,0.036,0.018,true,true,diagnostic_only_no_live_markers
game_load.repeated_display_boosted,1,8,8,47728,49896,49869,47662,49446.5,49953.0,50012.0,49857.5,454.5,125.0,299.5,149.5,hash_matched,-4.345,-4.426,-4.385,0.138,0.054,true,true,diagnostic_only_no_live_markers
game_load.s3tc_sync_factor.bc2_bordered_fallback,1,8,8,48622,48572,48517,48579,49734.0,49902.5,49674.5,49577.0,572.0,578.5,510.5,879.0,hash_matched,0.103,0.128,0.115,0.088,0.113,true,true,diagnostic_only_no_live_markers
game_load.s3tc_sync_factor.bc2_native_eligible,1,8,8,16861,16834,16685,16879,16619.0,16651.0,16700.5,16698.0,316.0,46.0,320.0,102.5,hash_matched,0.160,1.163,0.659,0.107,0.889,true,false,diagnostic_only_no_live_markers
game_load.s3tc_sync_factor.bc3_bordered_fallback,1,8,8,48449,48610,48468,48623,49816.0,49830.5,49449.5,49852.5,202.5,698.5,751.5,329.0,hash_matched,-0.331,0.320,-0.006,0.358,0.293,false,false,diagnostic_only_no_live_markers
game_load.s3tc_sync_factor.bc3_native_eligible,1,8,8,16718,16840,16916,16715,16613.5,16725.0,16625.5,16621.5,42.5,101.5,98.5,197.5,hash_matched,-0.724,-1.188,-0.957,0.018,0.450,true,true,diagnostic_only_no_live_markers
game_load.s3tc_sync_factor.dxt1_dirty_once_redraw,1,8,8,15620,15657,15652,15658,16608.5,16618.5,16589.0,16630.0,78.5,84.0,218.5,175.0,hash_matched,-0.236,0.038,-0.099,0.243,0.032,false,false,diagnostic_only_no_live_markers
game_load.s3tc_sync_factor.dxt1_ring_payload_generations,1,8,8,15777,15925,15776,15742,16592.5,16550.0,16675.5,16599.5,136.5,94.0,80.5,120.0,hash_matched,-0.929,-0.216,-0.574,0.222,0.940,true,false,diagnostic_only_no_live_markers
game_load.s3tc_sync_factor.dxt1_same_address_queued,1,8,8,15238,15268,15276,17283,16610.0,16607.5,16637.5,16699.5,139.0,113.5,86.5,175.5,hash_mismatch,,,,,,,,diagnostic_only_no_live_markers
game_load.s3tc_sync_factor.dxt1_same_address_wait,1,8,8,17264,17270,17249,17252,16672.5,16707.5,16788.5,16649.0,322.5,156.0,267.5,367.5,hash_matched,-0.035,0.017,-0.009,0.070,0.122,false,false,diagnostic_only_no_live_markers
game_load.s3tc_sync_factor.rgba8_dirty_once_redraw,1,8,8,16368,16443,16316,16270,16633.0,16612.5,16609.5,16640.0,159.5,219.5,103.0,148.5,hash_matched,-0.456,-0.282,-0.369,0.601,0.775,true,false,diagnostic_only_no_live_markers
game_load.s3tc_sync_factor.rgba8_ring_payload_generations,1,8,8,49281,49229,49406,49089,49582.5,49704.5,49841.0,49833.5,820.0,406.5,550.0,264.0,hash_matched,0.106,-0.642,-0.269,0.390,0.359,false,false,diagnostic_only_no_live_markers
game_load.s3tc_sync_factor.rgba8_same_address_queued,1,8,8,49041,48995,49161,48964,50027.0,49577.5,49830.0,49956.0,206.0,461.0,432.5,561.5,hash_mismatch,,,,,,,,diagnostic_only_no_live_markers
game_load.s3tc_sync_factor.rgba8_same_address_wait,1,8,8,49755,49721,49698,49857,49605.0,50045.5,49752.5,49861.5,434.0,2640.0,1193.0,610.0,hash_matched,0.068,0.320,0.194,0.205,0.046,true,false,diagnostic_only_no_live_markers
high_vertex_count.arrays,1,100,100,77,81,79,80,60.0,62.0,60.0,61.5,3.5,3.0,3.0,4.5,hash_matched,-4.938,1.266,-1.875,3.822,2.500,false,false,diagnostic_only_no_live_markers
high_vertex_count.inline_arrays,1,10,10,48384,48949,49367,49119,48142.5,48371.5,48916.0,48654.5,115.0,278.0,421.0,365.0,hash_matched,-1.154,-0.502,-0.827,1.508,0.850,true,false,diagnostic_only_no_live_markers
high_vertex_count.inline_buffers,1,5,5,233174,242740,241582,240466,232799,243021,240407,240423,909,659,1722,315,hash_matched,-3.941,-0.462,-2.206,3.079,0.478,true,false,diagnostic_only_no_live_markers
high_vertex_count.inline_elements,1,50,50,3993,4084,4008,4039,3999.0,4072.0,4001.5,4038.0,27.0,20.0,30.0,22.5,hash_matched,-2.228,0.773,-0.741,1.145,1.878,false,false,diagnostic_only_no_live_markers
pfifo_array_elements.array_element16,1,8,8,565,520,574,559,553.5,487.5,560.0,561.0,9.5,3.5,9.0,25.5,hash_matched,8.654,-2.613,2.742,1.068,9.872,false,false,diagnostic_only_no_live_markers
pfifo_array_elements.array_element32,1,8,8,1022,992,1050,997,989.0,992.0,982.0,1004.0,20.0,14.5,27.0,6.5,hash_matched,3.024,-5.048,-1.126,2.476,5.681,false,false,diagnostic_only_no_live_markers
pfifo_array_elements.array_element_pgr2,1,8,8,561,568,586,558,448.5,448.5,444.5,440.5,12.0,20.5,7.0,16.0,hash_matched,-1.232,-4.778,-3.033,0.536,3.120,true,false,diagnostic_only_no_live_markers
pfifo_packet_boundary.array_element16_overflow,1,1,1,16305,16409,16681,16677,16305,16409,16681,16677,0,0,0,0,hash_matched,-0.634,-0.024,-0.326,2.256,1.644,true,false,diagnostic_only_no_live_markers
pfifo_packet_boundary.array_element32_overflow,1,1,1,32650,32637,32617,32610,32650,32637,32617,32610,0,0,0,0,hash_matched,0.040,-0.021,0.009,0.123,0.061,false,false,diagnostic_only_no_live_markers
pfifo_packet_boundary.incrementing_inline_fallback,1,1,1,105,114,105,138,105,114,105,138,0,0,0,0,hash_matched,-7.895,31.429,10.959,27.160,8.219,false,false,diagnostic_only_no_live_markers
pfifo_packet_boundary.inline_array_overflow,1,1,1,32193,32627,32170,32658,32193,32627,32170,32658,0,0,0,0,hash_matched,-1.330,1.517,0.083,1.434,1.411,false,false,diagnostic_only_no_live_markers
pipeline_texture_switch.clear_texture_normal,1,8,8,9717,10100,9855,10087,9582.5,10127.0,9810.0,10110.5,157.0,95.5,63.0,74.5,hash_matched,-3.792,2.354,-0.757,3.737,2.456,false,false,diagnostic_only_no_live_markers
pipeline_texture_switch.palette_only_update,1,1,1,19594,20322,20140,20031,19594,20322,20140,20031,0,0,0,0,hash_matched,-3.582,-0.541,-2.069,2.206,0.900,true,false,diagnostic_only_no_live_markers
pipeline_texture_switch.sampler_only_identity,1,8,8,23218,24255,24142,23270,23192.0,24209.0,24130.5,23363.5,99.0,94.5,223.5,155.0,hash_matched,-4.275,-3.612,-3.944,0.224,0.467,true,true,diagnostic_only_no_live_markers
pipeline_texture_switch.shader_negative_control,1,8,8,18631,20056,19613,19255,18725.0,20170.5,19642.0,19451.0,293.5,142.0,330.5,255.5,hash_matched,-7.105,-1.825,-4.495,3.294,2.233,true,true,diagnostic_only_no_live_markers
pipeline_texture_switch.shared_page_overlap,1,1,1,19617,20870,20445,20208,19617,20870,20445,20208,0,0,0,0,hash_matched,-6.004,-1.159,-3.606,2.968,2.057,true,true,diagnostic_only_no_live_markers
pipeline_texture_switch.texture_switch,1,8,8,18726,19822,19858,19470,18694.5,19957.5,19956.0,19564.0,432.5,189.0,183.5,147.5,hash_matched,-5.529,-1.954,-3.740,3.896,0.181,true,false,diagnostic_only_no_live_markers
primitive_type.line_loop.fixed_function,1,10,10,696,665,675,667,586.5,611.0,615.0,601.0,19.5,8.0,13.0,13.0,hash_matched,4.662,-1.185,1.716,4.255,1.493,false,false,diagnostic_only_no_live_markers
primitive_type.line_loop.vertex_shader,1,10,10,629,635,648,615,592.5,599.0,606.0,590.0,23.0,4.5,13.0,6.5,hash_matched,-0.945,-5.093,-3.040,2.251,2.027,true,true,diagnostic_only_no_live_markers
primitive_type.line_strip.fixed_function,1,10,10,638,659,654,651,598.5,607.0,605.5,612.0,9.5,11.5,12.5,19.5,hash_matched,-3.187,-0.459,-1.828,2.017,0.762,true,false,diagnostic_only_no_live_markers
primitive_type.line_strip.vertex_shader,1,10,10,626,620,637,628,605.0,604.5,613.0,608.0,9.5,7.5,11.0,11.5,hash_matched,0.968,-1.413,-0.239,0.319,2.705,false,false,diagnostic_only_no_live_markers
primitive_type.lines.fixed_function,1,10,10,1183,1196,1186,1186,1143.0,1169.5,1154.5,1148.5,14.5,11.0,12.5,6.5,hash_matched,-1.087,0.000,-0.546,0.253,0.840,false,false,diagnostic_only_no_live_markers
primitive_type.lines.vertex_shader,1,10,10,1214,1187,1184,1180,1165.0,1167.0,1154.0,1158.5,29.0,15.5,24.5,11.0,hash_matched,2.275,-0.338,0.970,2.840,0.253,false,false,diagnostic_only_no_live_markers
primitive_type.points.fixed_function,1,10,10,682,659,658,681,600.5,600.0,599.0,599.0,13.0,9.0,12.0,8.5,hash_matched,3.490,3.495,3.493,0.147,0.152,true,true,diagnostic_only_no_live_markers
primitive_type.points.vertex_shader,1,10,10,653,667,674,652,587.5,603.0,612.0,596.5,4.0,5.0,16.0,15.0,hash_matched,-2.099,-3.264,-2.685,0.153,1.044,true,true,diagnostic_only_no_live_markers
primitive_type.polygon.fixed_function,1,10,10,649,640,660,659,601.5,598.0,605.5,609.0,6.0,6.5,7.0,12.0,hash_matched,1.406,-0.152,0.615,1.529,3.077,false,false,diagnostic_only_no_live_markers
primitive_type.polygon.vertex_shader,1,10,10,622,632,631,621,598.0,604.5,604.0,603.0,9.5,9.5,8.0,9.5,hash_matched,-1.582,-1.585,-1.584,0.161,0.158,true,true,diagnostic_only_no_live_markers
primitive_type.quad_strip.fixed_function,1,10,10,1193,1214,1215,1236,1146.5,1163.5,1151.5,1145.5,11.0,13.5,10.5,14.5,hash_matched,-1.730,1.728,0.000,3.541,0.082,false,false,diagnostic_only_no_live_markers
primitive_type.quad_strip.vertex_shader,1,10,10,1160,1192,1208,1177,1134.5,1166.5,1170.5,1145.0,4.5,13.0,20.0,11.5,hash_matched,-2.685,-2.566,-2.625,1.455,1.333,true,true,diagnostic_only_no_live_markers
primitive_type.quads.fixed_function,1,10,10,2330,2369,2317,2311,2266.5,2306.5,2290.5,2277.5,20.0,33.0,32.0,22.5,hash_matched,-1.646,-0.259,-0.960,0.819,2.219,true,false,diagnostic_only_no_live_markers
primitive_type.quads.vertex_shader,1,10,10,2300,2319,2345,2324,2296.0,2305.5,2317.5,2328.5,10.5,33.5,29.5,21.0,hash_matched,-0.819,-0.896,-0.858,1.038,1.115,true,false,diagnostic_only_no_live_markers
primitive_type.triangle_fan.fixed_function,1,10,10,637,651,649,642,590.0,605.0,597.0,595.0,5.5,7.0,5.0,7.0,hash_matched,-2.151,-1.079,-1.615,0.782,0.308,true,true,diagnostic_only_no_live_markers
primitive_type.triangle_fan.vertex_shader,1,10,10,633,622,636,636,602.0,599.0,611.0,607.5,7.0,7.5,12.0,14.0,hash_matched,1.768,0.000,0.874,0.473,2.226,false,false,diagnostic_only_no_live_markers
primitive_type.triangle_strip.fixed_function,1,10,10,620,625,648,627,594.5,599.0,598.0,611.0,6.5,1.5,9.5,13.0,hash_matched,-0.800,-3.241,-2.042,1.123,3.614,true,false,diagnostic_only_no_live_markers
primitive_type.triangle_strip.vertex_shader,1,10,10,620,627,633,618,597.0,598.0,597.0,596.5,11.5,10.5,9.0,12.0,hash_matched,-1.116,-2.370,-1.746,0.323,0.952,true,true,diagnostic_only_no_live_markers
primitive_type.triangles.fixed_function,1,10,10,1759,1775,1777,1773,1710.0,1733.0,1727.5,1733.0,46.5,17.0,24.5,31.5,hash_matched,-0.901,-0.225,-0.563,0.793,0.113,true,false,diagnostic_only_no_live_markers
primitive_type.triangles.vertex_shader,1,10,10,1733,1750,1768,1725,1717.0,1715.5,1751.0,1717.5,26.0,20.0,16.0,25.0,hash_matched,-0.971,-2.432,-1.706,0.463,1.023,true,true,diagnostic_only_no_live_markers
report_query.clear_boundary,2,4,4,1531,1394,1669,1539,999.0,906.0,1409.5,1203.5,104.5,132.5,608.0,419.5,hash_matched,9.828,-7.789,0.229,0.521,17.956,false,false,diagnostic_only_no_live_markers
report_query.dma_descriptor_rewrite,2,1,1,3673,3297,3457,3882,3673,3297,3457,3882,0,0,0,0,hash_matched,11.404,12.294,11.860,5.533,4.738,true,true,diagnostic_only_no_live_markers
report_query.dma_range_guard,2,1,1,2250,2076,2102,1871,2250,2076,2102,1871,0,0,0,0,hash_matched,8.382,-10.990,-1.364,18.394,1.245,false,false,diagnostic_only_no_live_markers
report_query.dma_target_switch,2,4,4,1526,1514,1773,2004,1228.5,1220.0,1647.5,2025.0,367.5,363.5,418.0,740.5,hash_matched,0.793,13.029,7.393,27.082,15.759,true,false,diagnostic_only_no_live_markers
report_query.fifo_producer_ordering,2,4,4,1905,1947,1786,1862,1845.0,1713.5,1624.0,1573.0,227.5,160.0,6.5,39.5,hash_matched,-2.157,4.255,0.911,2.283,8.626,false,false,diagnostic_only_no_live_markers
report_query.multiple_boundaries,2,4,4,1242,1195,950,962,1225.0,851.0,830.5,824.0,381.0,10.0,4.0,17.0,hash_matched,3.933,1.263,2.751,25.408,22.844,true,false,diagnostic_only_no_live_markers
report_query.single_boundary,2,4,4,1454,1555,1309,1380,1592.5,1721.5,1322.5,1551.5,201.0,98.5,374.0,6.5,hash_matched,-6.495,5.424,-1.047,5.222,17.179,false,false,diagnostic_only_no_live_markers
report_query.zero_query,2,4,4,1056,1046,1001,912,842.0,841.5,880.0,802.5,29.5,16.0,244.0,34.5,hash_matched,0.956,-8.891,-3.859,14.634,4.397,false,false,diagnostic_only_no_live_markers
surface.basic,1,10,10,14649,15128,15349,14846,14832.0,15107.0,15105.5,15031.5,548.5,376.5,564.5,645.5,hash_matched,-3.166,-3.277,-3.222,1.336,1.450,true,true,diagnostic_only_no_live_markers
surface.cpu_read_after_gpu_write,1,20,20,1198,1204,1236,1253,1174.0,1131.0,1224.5,1162.0,15.0,13.5,17.5,32.5,hash_matched,-0.498,1.375,0.451,4.488,2.623,false,false,diagnostic_only_no_live_markers
surface.cpu_read_clean_surface,1,100,100,60,59,62,60,57.0,57.0,58.0,57.0,0.0,0.0,1.0,0.0,hash_matched,1.695,-3.226,-0.826,0.000,4.959,false,false,diagnostic_only_no_live_markers
surface.framebuffer_working_set_002,1,20,20,1409,1352,1356,1394,1418.5,1349.0,1299.5,1491.0,254.0,242.5,240.0,193.5,hash_matched,4.216,2.802,3.508,1.070,0.295,true,true,diagnostic_only_no_live_markers
surface.framebuffer_working_set_008,1,20,20,1350,1348,1415,1320,1327.0,1327.5,1422.0,1255.5,188.0,172.0,207.5,183.0,hash_matched,0.148,-6.714,-3.366,2.247,4.850,false,false,diagnostic_only_no_live_markers
surface.framebuffer_working_set_032,1,20,20,1347,1435,1437,1446,1274.0,1354.5,1389.5,1479.0,247.5,226.5,190.5,151.0,hash_matched,-6.132,0.626,-2.751,7.089,0.139,false,false,diagnostic_only_no_live_markers
surface.framebuffer_working_set_064,1,20,20,1457,1442,1570,1441,1454.0,1368.0,1594.5,1328.5,254.5,191.5,154.5,254.5,hash_matched,1.040,-8.217,-3.785,1.104,8.499,false,false,diagnostic_only_no_live_markers
surface.full_clear_elision_guard,1,100,100,1806,1986,1870,1935,1858.5,1947.0,1908.5,1860.0,172.0,87.0,95.0,63.5,hash_matched,-9.063,3.476,-2.982,6.897,6.017,false,false,diagnostic_only_no_live_markers
surface.overlapping_surface_churn_representative,1,100,100,2094,2060,2050,2064,2050.5,2010.0,1995.5,2004.5,45.5,30.0,24.0,27.5,hash_matched,1.650,0.683,1.168,1.443,0.487,true,false,diagnostic_only_no_live_markers
surface.overlapping_surface_churn_stress,1,10,10,25861,25751,25757,25782,25757.5,25743.5,25840.0,25750.0,140.0,125.0,61.0,181.0,hash_matched,0.427,0.097,0.262,0.306,0.023,true,false,diagnostic_only_no_live_markers
surface.partial_channel_clear_guard,1,100,100,1428,1413,1417,1425,1394.5,1395.0,1396.0,1395.5,24.5,21.0,39.5,34.5,hash_matched,1.062,0.565,0.813,0.210,0.283,true,true,diagnostic_only_no_live_markers
surface.surface_download_path,1,10,10,17187,17078,16947,17178,17001.0,16941.5,16880.0,16922.0,199.5,340.5,208.5,384.0,hash_matched,0.638,1.363,0.999,0.052,0.770,true,true,diagnostic_only_no_live_markers
surface.surface_list_lookup_002,1,20,20,1200,1219,1227,1225,1210.0,1200.0,1168.0,1243.0,105.0,113.0,106.0,171.5,hash_matched,-1.559,-0.163,-0.859,2.062,0.654,true,false,diagnostic_only_no_live_markers
surface.surface_list_lookup_008,1,20,20,1199,1194,1202,1155,1156.0,1214.5,1194.5,1145.0,149.0,108.0,185.5,108.5,hash_matched,0.419,-3.910,-1.753,3.738,0.668,false,false,diagnostic_only_no_live_markers
surface.surface_list_lookup_032,1,20,20,1196,1192,1235,1205,1222.0,1162.0,1240.5,1150.5,89.0,145.5,171.5,117.5,hash_matched,0.336,-2.429,-1.071,0.750,3.543,false,false,diagnostic_only_no_live_markers
surface.surface_list_lookup_128,1,20,20,1289,1281,1263,1303,1270.5,1247.5,1221.0,1300.0,187.0,153.5,138.0,148.5,hash_matched,0.625,3.167,1.887,1.080,1.415,true,true,diagnostic_only_no_live_markers
surface.vulkan_memory_pressure.representative.alias_resize,1,4,4,16968,16852,16902,16943,15572.0,15455.0,15510.0,15550.5,401.5,475.0,440.5,526.5,hash_matched,0.688,0.243,0.465,0.147,0.296,true,true,diagnostic_only_no_live_markers
surface.vulkan_memory_pressure.representative.growth,1,4,4,17383,17491,17525,17535,15199.0,15328.0,15449.5,15240.0,239.0,279.0,225.5,267.5,hash_matched,-0.617,0.057,-0.280,0.871,0.194,false,false,diagnostic_only_no_live_markers
surface.vulkan_memory_pressure.representative.idle_retention,1,4,4,690,748,737,737,631.5,686.5,671.5,673.5,27.0,15.5,39.0,27.5,hash_matched,-7.754,0.000,-3.906,6.587,1.481,false,false,diagnostic_only_no_live_markers
surface.vulkan_memory_pressure.representative.plateau,1,4,4,15231,14704,14925,15197,15245.0,14739.0,14933.5,15082.5,230.0,86.0,82.0,218.0,hash_matched,3.584,1.822,2.697,0.223,1.492,true,true,diagnostic_only_no_live_markers
surface.vulkan_memory_pressure.representative.reuse,1,4,4,16369,16397,16099,16586,15294.0,15289.5,14787.0,15351.5,357.5,334.5,107.0,256.0,hash_matched,-0.171,3.025,1.412,1.317,1.834,false,false,diagnostic_only_no_live_markers
surface.vulkan_memory_pressure.stress.alias_resize,1,4,4,70093,71052,69697,71569,65853.5,66216.5,65171.5,66601.5,1488.5,1540.5,1642.5,1436.0,hash_matched,-1.350,2.686,0.649,2.084,1.925,false,false,diagnostic_only_no_live_markers
surface.vulkan_memory_pressure.stress.growth,1,4,4,68138,68081,67710,67920,61129.5,61584.5,60632.0,60964.5,632.0,1476.0,974.5,1384.5,hash_matched,0.084,0.310,0.197,0.320,0.546,true,false,diagnostic_only_no_live_markers
surface.vulkan_memory_pressure.stress.idle_retention,1,4,4,799,810,794,761,796.0,801.5,801.5,801.0,2.5,26.0,6.5,22.0,hash_matched,-1.358,-4.156,-2.743,4.872,1.995,true,false,diagnostic_only_no_live_markers
surface.vulkan_memory_pressure.stress.plateau,1,4,4,60845,60123,59755,59931,60652.0,60117.0,59809.0,59667.0,1232.0,997.5,1125.5,450.0,hash_matched,1.201,0.295,0.749,1.514,0.614,true,false,diagnostic_only_no_live_markers
surface.vulkan_memory_pressure.stress.reuse,1,4,4,71320,70787,70879,70687,67435.5,66716.0,66715.5,66732.0,1992.0,2032.0,1839.5,2077.0,hash_matched,0.753,-0.271,0.241,0.892,0.130,false,false,diagnostic_only_no_live_markers
texture_cubemap_fallback.unbordered_subblock_dxt1,1,8,8,16627,16624,16621,16632,16655.5,16670.0,16650.5,16639.0,24.0,21.5,8.0,60.5,hash_matched,0.018,0.066,0.042,0.030,0.018,true,true,diagnostic_only_no_live_markers
tiny_draw.arrays.fixed_function,1,10,10,23526,24752,24534,24176,23399.5,24700.0,24444.0,24152.0,123.5,202.0,211.5,140.5,hash_matched,-4.953,-1.459,-3.214,2.725,0.885,true,true,diagnostic_only_no_live_markers
tiny_draw.arrays.vertex_shader,1,10,10,23605,24704,24498,24175,23598.5,24672.5,24492.0,24164.0,172.0,86.5,163.0,96.5,hash_matched,-4.449,-1.318,-2.890,2.386,0.837,true,true,diagnostic_only_no_live_markers
tiny_draw.inline_arrays.fixed_function,1,10,10,27899,29701,29369,29034,27951.5,29682.5,29353.5,29018.5,149.0,156.0,269.0,121.5,hash_matched,-6.067,-1.141,-3.618,3.987,1.124,true,false,diagnostic_only_no_live_markers
tiny_draw.inline_arrays.vertex_shader,1,10,10,28197,29528,29367,29281,28023.0,29499.0,29304.0,29282.0,111.5,106.0,131.5,137.0,hash_matched,-4.508,-0.293,-2.406,3.772,0.547,true,false,diagnostic_only_no_live_markers
tiny_draw.inline_buffers.fixed_function,1,10,10,19847,20662,20576,20108,19718.5,20622.5,20506.5,20073.5,107.0,52.5,90.0,84.0,hash_matched,-3.944,-2.274,-3.111,1.306,0.417,true,true,diagnostic_only_no_live_markers
tiny_draw.inline_buffers.vertex_shader,1,10,10,19847,20525,20499,20314,19791.5,20492.5,20532.5,20362.5,116.0,73.5,221.5,238.5,hash_matched,-3.303,-0.902,-2.104,2.326,0.127,true,false,diagnostic_only_no_live_markers
tiny_draw.inline_elements.fixed_function,1,10,10,23759,24885,24450,24268,23714.0,24869.5,24417.5,24278.5,167.0,87.5,142.0,359.5,hash_matched,-4.525,-0.744,-2.651,2.120,1.763,true,true,diagnostic_only_no_live_markers
tiny_draw.inline_elements.vertex_shader,1,10,10,23610,25085,24604,24227,23588.0,25088.0,24622.0,24130.0,133.5,76.5,103.5,127.5,hash_matched,-5.880,-1.532,-3.727,2.580,1.936,true,true,diagnostic_only_no_live_markers
uniform_thrash.uniform_thrash,1,10,10,1272,1386,1313,1287,1220.0,1282.5,1268.0,1227.5,11.0,19.5,18.0,5.5,hash_matched,-8.225,-1.980,-5.187,1.172,5.409,true,false,diagnostic_only_no_live_markers
vertex_buffer_allocation.disjoint_same_page,1,10,10,34394,35487,35004,35098,24818.0,26425.0,25982.0,25554.5,193.0,281.0,289.5,62.0,hash_matched,-3.080,0.269,-1.417,2.026,1.370,false,false,diagnostic_only_no_live_markers
vertex_buffer_allocation.mixed.arrays,1,10,10,24266,24013,23941,23823,22816.5,22934.5,22814.5,22900.0,242.5,236.5,311.0,202.0,hash_matched,1.054,-0.493,0.282,1.842,0.300,false,false,diagnostic_only_no_live_markers
vertex_buffer_allocation.mixed.inline_arrays,1,10,10,137462,136860,137451,138331,137083.0,136337.5,137397.0,138012.0,706.5,531.5,930.5,1176.5,hash_matched,0.440,0.640,0.540,0.630,0.431,true,false,diagnostic_only_no_live_markers
vertex_buffer_allocation.mixed.inline_buffers,1,10,10,589668,612088,612882,601734,589166.5,609280.0,612865.5,598763.5,4620.0,3167.5,4477.5,3302.5,hash_matched,-3.663,-1.819,-2.740,2.026,0.130,true,true,diagnostic_only_no_live_markers
vertex_buffer_allocation.mixed.inline_elements,1,10,10,32463,32643,32719,32596,31812.0,31658.5,31724.5,31792.5,178.5,253.0,336.0,320.5,hash_matched,-0.551,-0.376,-0.464,0.409,0.233,true,true,diagnostic_only_no_live_markers
vertex_buffer_allocation.rising_transient_growth,1,1,1,664836,664940,664397,665959,664836,664940,664397,665959,0,0,0,0,hash_matched,-0.016,0.235,0.110,0.169,0.082,false,false,diagnostic_only_no_live_markers
vertex_buffer_allocation.tiny.arrays,1,10,10,40828,38576,39358,39900,33915.0,33580.0,33635.0,34198.0,1266.0,1377.5,622.0,935.5,hash_matched,5.838,1.377,3.585,2.299,2.007,true,true,diagnostic_only_no_live_markers
vertex_buffer_allocation.tiny.inline_arrays,1,10,10,42127,40326,40376,40408,38402.5,37827.5,37698.0,38048.0,2698.0,1808.0,1881.0,2049.0,hash_matched,4.466,0.079,2.271,4.166,0.124,true,false,diagnostic_only_no_live_markers
vertex_buffer_allocation.tiny.inline_buffers,1,10,10,35815,36927,36711,37674,35973.0,37608.0,37157.0,37549.0,412.0,284.0,264.0,723.0,hash_matched,-3.011,2.623,-0.202,5.059,0.587,false,false,diagnostic_only_no_live_markers
vertex_buffer_allocation.tiny.inline_elements,1,10,10,37467,37517,38188,37876,33115.5,33367.0,33542.0,33437.5,1668.0,1992.5,1470.0,1678.0,hash_matched,-0.133,-0.817,-0.478,1.086,1.773,true,false,diagnostic_only_no_live_markers
